Interest,Item,ChallengeName,Description
Sports,Soccer Ball ,Soccer Ball Dribbling,"Using the feet to control the soccer ball while moving around the field, demonstrating skillful control and maintaining possession."
Sports,Basketball,Basketball Shooting,"Throwing the basketball into the hoop from various distances and angles, aiming for accuracy and consistent form."
Sports,Tennis Racket,Tennis Racket Forehand Stroke,Hitting the tennis ball with the front side of the racket while maintaining proper technique and generating power and spin.
Sports,Baseball Bat,Baseball Bat Hitting,"Swinging the baseball bat to make contact with the baseball, aiming to hit it with precision and power."
Sports,Golf Club,Golf Club Putting,"Using the golf club to gently hit the golf ball on the green, aiming to sink it into the hole in the fewest strokes possible."
Sports,Swimming Goggles,Freestyle Swimming with Swimming Goggles,Swimming using the front crawl stroke while wearing swimming goggles to enhance visibility and reduce eye irritation.
Sports,Running Shoes,Sprinting with Running Shoes,"Running at maximum speed over a short distance, using proper form and technique to optimize performance."
Sports,Cricket Bat,Cricket Bat Batting,Defending the wicket and scoring runs by hitting the cricket ball with the cricket bat during a cricket match.
Sports,Volleyball ,Volleyball Spiking,"Jumping and hitting the volleyball forcefully downward into the opponent's court, often done near the net."
Sports,Boxing Gloves,Boxing Glove Punching Combinations,"Executing a series of punches using proper technique and footwork while wearing boxing gloves, focusing on speed and accuracy."
Sports,Archery Bow,Archery Bow Target Shooting,"Aiming the archery bow and releasing arrows towards a specific target, honing precision and consistency."
Sports,Table Tennis Paddle,Table Tennis Paddle Backhand Loop,Using the backhand stroke with the table tennis paddle to generate topspin and loop the ball over the net during a table tennis match.
Sports,Ice Hockey Stick,Ice Hockey Stick Slap Shot,Taking a powerful shot with the ice hockey stick by winding up and striking the ice hockey puck with great force.
Sports,Badminton Shuttlecock,Badminton Shuttlecock Smash Shot,Hitting the badminton shuttlecock with a swift and forceful downward motion to put it past the opponent 
Sports,Bowling Ball,Bowling Ball Bowling,"Rolling the bowling ball down the bowling lane with proper spin and speed, aiming to knock down all ten pins."
Sports,Surfboard ,Surfboard Riding Waves,"Balancing on the surfboard and catching waves, riding them skillfully to maximize the surfing experience."
Sports,Climbing Harness,Climbing Harness Rock Climbing,"Using the climbing harness and ropes to climb rocks or walls, ensuring safety while ascending to reach the top."
Sports,Skis,Skis Downhill Skiing,Skiing down a slope while maneuvering and controlling speed with the skis.
Sports,Rugby Ball,Rugby Ball Tackling,Bringing down the opponent carrying the rugby ball by grasping and pulling them to the ground during a rugby match.
Sports,Hula Hoop,Hula Hoop Hula Hooping,"Rotating the hula hoop around the body using waist movements, aiming to maintain the hoop's motion without dropping it."
Technology,Smartphone,Smartphone Detox,"Go without using your smartphone for a designated period, limiting screen time, and finding alternative ways to stay entertained and connected."
Technology,Laptop,Digital Detox Day ,"ake a break from using your laptop for a full day, avoiding work-related tasks and focusing on other activities to unwind and relax."
Technology,Smartwatch,Step Challenge,Set a daily step goal on your smartwatch and try to achieve or exceed it by staying active and incorporating more physical activities into your routine.
Technology,Bluetooth Earbuds,Music Discovery Challenge,Explore new genres or artists using your Bluetooth earbuds and create a playlist with your favorite discoveries to expand your musical horizons.
Technology,Virtual Reality (VR) Headset,VR Fitness Challenge,"Use VR fitness applications to engage in virtual workouts, combining fun gaming experiences with physical exercise."
Technology,Fitness Tracker,Weekly Fitness Challenge,"Challenge yourself to complete a specific fitness goal, such as running a certain distance or doing a set number of push-ups, each week."
Technology,Portable Power Bank,Eco-Friendly Charging Challenge,Use the portable power bank only when necessary and find ways to conserve battery life on your devices to reduce overall energy consumption.
Technology,Wireless Router ,Internet Disconnect Challenge,"Turn off your wireless router for a set period, encouraging digital detox and finding offline activities to enjoy during that time."
Technology,Smart Speaker,Tech-Free Game Night Challenge,"Host a game night with friends or family, and use the smart speaker only for setting timers or playing background music, encouraging face-to-face interaction."
Technology,Action Camera,Outdoor Adventure Challenge,"Take your action camera on an outdoor adventure, capturing footage of thrilling activities like rock climbing, kayaking, or zip-lining."
Technology,E-Reader,Book Reading Challenge,"Set a reading goal for the month and use your e-reader to read a selection of books, exploring various genres and expanding your knowledge."
Technology,Drone,Scenic Photography Challenge,"Use the drone to capture stunning aerial photographs of scenic locations or landmarks, showcasing the beauty from above."
Technology,Wireless Keyboard,Typing Speed Challenge,Take a typing test with your wireless keyboard and work on improving your typing speed and accuracy over time.
Technology,Fitness Smart Scale,Wellness Journey Challenge,"Use the fitness smart scale to track weight and body metrics regularly, adopting healthier habits and monitoring progress toward fitness goals."
Technology,Noise-Canceling Headphones,Mindfulness Challenge,Practice mindfulness and meditation while wearing noise-canceling headphones to create a peaceful and focused environment.
Technology,DSLR Camera,Photography Composition Challenge,"Experiment with various photography composition techniques using your DSLR camera, such as rule of thirds, leading lines, and framing."
Technology,Smart Home Hub,Smart Home Automation Challenge,Configure your smart home hub to automate tasks like turning off lights or adjusting the thermostat based on specific triggers or schedules.
Technology,Fitness Smartwatch,Sleep Improvement Challenge,Use the fitness smartwatch to track your sleep patterns and implement lifestyle changes to improve sleep quality and duration.
Technology,Bluetooth Tracker,Organization Challenge,"Attach Bluetooth trackers to frequently misplaced items, and challenge yourself to keep everything organized and easily locatable."
Technology,Smart TV,Documentary Discovery Challenge,"Use your smart TV to explore and watch documentaries on various subjects, expanding your knowledge and learning something new."
Art and Craft,Watercolor Paints,Watercolor Landscape,"Create a beautiful landscape painting using watercolor paints, focusing on blending colors and capturing the essence of nature."
Art and Craft,Sketchbook,Daily Sketch,"Commit to sketching something in your sketchbook every day, exploring different subjects and honing your drawing skills."
Art and Craft,Acrylic Paint Set,Acrylic Pouring,"Try acrylic pouring techniques to create abstract art by pouring and tilting paint on a canvas, discovering unique patterns."
Art and Craft,Calligraphy Pens,Calligraphy Alphabet,"Practice different calligraphy styles and alphabets using calligraphy pens, working on precision and elegant lettering."
Art and Craft,Colored Pencils,Colored Pencil Portrait,"Create a portrait using colored pencils, paying attention to details and shading to bring the subject to life."
Art and Craft,Origami Paper,Origami Sculpture,"Use origami paper to create intricate and artistic sculptures, exploring various origami designs and techniques."
Art and Craft,Embroidery Kit,Embroidery Art,"Use an embroidery kit to create a detailed and colorful embroidered artwork, experimenting with different stitches."
Art and Craft,Oil Pastels,Oil Pastel Still Life,"Draw a still life scene using oil pastels, focusing on blending and layering colors to achieve depth and richness."
Art and Craft,Bead Kit,Beaded Jewelry,"Create unique and stylish jewelry pieces using beads from the kit, experimenting with different patterns and designs."
Art and Craft,Quilling Strips,Quilled Greeting Card,"Make personalized greeting cards using quilling strips, showcasing intricate quilling designs and patterns."
Art and Craft,Wood Burning Kit,Pyrography Art,"Use the wood burning kit to create artistic designs on wood surfaces, exploring different textures and effects."
Art and Craft,Watercolor Pencils,Watercolor Pencil Blending,Use watercolor pencils to create vibrant illustrations and practice blending colors with water to achieve a watercolor effect.
Art and Craft,Mosaic Tiles,Mosaic Art,"Create a mosaic art piece using colorful mosaic tiles, assembling them to form an eye-catching design."
Art and Craft,Decoupage Kit,Decoupage Home Decor,"Use the decoupage kit to decorate household items like vases or trays, incorporating beautiful images and patterns."
Art and Craft,Pastel Chalks,Chalk Pastel Landscape,"Create a scenic landscape using pastel chalks, exploring the soft and vibrant colors of this versatile medium."
Art and Craft,Air Dry Clay,Sculpture with Air Dry Clay,"Sculpt a three-dimensional artwork using air dry clay, allowing for creative exploration and detailed texture."
Art and Craft,Fabric Paints,Fabric Painting,"Design and paint a unique pattern on a fabric item, such as a tote bag or t-shirt, using fabric paints."
Art and Craft,Candle Making Kit,Custom Candle,"Make custom candles using the candle-making kit, experimenting with colors, scents, and decorative elements."
Art and Craft,Glass Etching Cream,Glass Etching Art,"Use glass etching cream to create intricate designs on glass surfaces, transforming ordinary glassware into personalized art."
Art and Craft,Stained Glass Kit,Stained Glass Sun Catcher,"Craft a beautiful stained glass sun catcher using the stained glass kit, harnessing the beauty of colored glass and light."
Music,Electric Guitar,Guitar Solo Challenge,"Perform an impressive guitar solo, showcasing your skills and creativity on the electric guitar."
Music,Piano,Piano Cover Challenge,"Play a cover of your favorite song on the piano, adding your unique interpretation and style."
Music,Drum Set,Drum Groove Challenge,"Create a captivating drum groove, experimenting with different rhythms and dynamics on the drum set."
Music,Violin,Classical Piece Challenge,"Play a classical piece on the violin, focusing on expressive playing and precise intonation."
Music,Saxophone,Jazz Improvisation Challenge,"Improvise a jazz solo on the saxophone, exploring various scales and melodic patterns."
Music,Voice,Vocal Performance Challenge,Sing a challenging song that showcases your vocal range and emotive delivery.
Music,Bass Guitar,Bassline Creation Challenge,Compose an original bassline that complements a given chord progression or backing track.
Music,Acoustic Guitar,Fingerstyle Arrangement Challenge,Arrange and play a fingerstyle version of a popular song on the acoustic guitar.
Music,Flute,Flute Duet Challenge,Collaborate with another musician to perform a beautiful flute duet with harmonies and counter-melodies.
Music,Electronic Keyboard,Synth Sound Design Challenge,"Create unique synth sounds and patches using the electronic keyboard, experimenting with filters and modulation."
Music,Cello,Cello and Orchestra Challenge,"Play a piece with an orchestra or backing track on the cello, blending your sound seamlessly with the ensemble."
Music,Electric Bass Guitar,Bass Slap Technique Challenge,Master the bass slap technique and incorporate it into a bassline or funk-inspired groove.
Music,Trumpet,Trumpet Fanfare Challenge,"Perform an energetic and regal trumpet fanfare, demonstrating control and precision on the instrument."
Music,Ukulele,Ukulele Strumming Challenge,"Strum a fun and catchy tune on the ukulele, engaging the audience with upbeat rhythms."
Music,Djembe Drum,African Rhythm Challenge,"Play an authentic African rhythm on the djembe drum, embracing the rich cultural heritage of the instrument."
Music,Electric Keyboard,Keytar Performance Challenge,"Strap on the keytar and perform a dynamic and entertaining musical piece, incorporating movement and showmanship."
Music,Accordion,Accordion Folk Tune Challenge,"Play a traditional folk tune on the accordion, capturing the essence of the instrument's unique sound and style."
Music,Harp,Harp Melody Challenge,"Create a soothing and enchanting harp melody, exploring the instrument's delicate and ethereal qualities."
Music,Electric Violin,Electric Violin Rock Challenge,"Rock out on the electric violin, playing a high-energy piece with distortion and effects."
Music,Handpan,Handpan Meditation Challenge,"Perform a calming and meditative improvisation on the handpan, evoking a sense of peace and tranquility."
Cooking,Chef's Knife,Knife Skills Challenge,Demonstrate excellent knife skills by finely chopping vegetables or slicing ingredients with precision.
Cooking,Cutting Board,Recipe Challenge,"Select a new recipe and prepare it on the cutting board, mastering the art of mise en place and efficient chopping."
Cooking,Cast Iron Skillet,Cast Iron Cooking Challenge,"Cook a delicious meal using a cast iron skillet, exploring the versatility and even heat distribution of this cookware."
Cooking,Baking Sheet,Baking Challenge,"Bake a batch of cookies or a savory dish on a baking sheet, ensuring even cooking and perfectly golden results."
Cooking,Stainless Steel Pot,One-Pot Meal Challenge,"Prepare a flavorful one-pot meal using the stainless steel pot, layering flavors and ingredients for a satisfying dish."
Cooking,Saucepan,Sauce Master Challenge,"Create a tasty homemade sauce or gravy in the saucepan, experimenting with various herbs and spices for rich flavor."
Cooking,Wooden Spoon,Stir-Fry Challenge,"Make a delicious stir-fry using the wooden spoon, quickly tossing and sautéing ingredients for a tasty Asian-inspired dish."
Cooking,Measuring Cups,Baking Measurement Challenge,"Bake a cake or muffins using precise measurements with the measuring cups, ensuring consistency and successful results."
Cooking,Rolling Pin,Pastry Dough Challenge,"Roll out a perfect pastry dough using the rolling pin, aiming for a consistent thickness and smooth texture."
Cooking,Kitchen Scale,Food Presentation Challenge,"Weigh and plate a dish with precision using the kitchen scale, creating an aesthetically pleasing and visually balanced meal."
Cooking,Whisk,Egg Beating Challenge,"Whisk eggs to perfection for an omelet or scrambled eggs, achieving a light and fluffy texture with the whisk."
Cooking,Peeler,Vegetable Ribbon Challenge,Use the peeler to create vegetable ribbons or spirals for a unique and attractive salad or garnish.
Cooking,Mortar and Pestle,Spice Grinding Challenge,"Grind whole spices using the mortar and pestle, unlocking fresh flavors and aromas for your culinary creations."
Cooking,Immersion Blender,Soup Puree Challenge,"Use the immersion blender to puree a creamy soup, achieving a smooth and velvety texture without transferring to a blender."
Cooking,Cheese Grater,Cheese Grating Challenge,"Grate different types of cheese using the cheese grater, exploring the diverse textures and flavors of various cheeses."
Cooking,Mandoline Slicer,Thin Slicing Challenge,"Slice fruits or vegetables paper-thin with the mandoline slicer, achieving consistent and delicate slices with ease."
Cooking,Pastry Brush,Glazing Challenge,"Apply a perfect glaze to pastries or baked goods using the pastry brush, creating a glossy and flavorful finish."
Cooking,Zester,Citrus Zesting Challenge,"Zest citrus fruits using the zester, adding bright and tangy flavors to dishes or desserts."
Cooking,Salad Spinner,Salad Dressing Challenge,"Wash and spin-dry salad greens with the salad spinner, ensuring crisp and well-prepared greens for a tasty salad."
Cooking,Kitchen Torch,Crème Brûlée Challenge,"Use the kitchen torch to caramelize sugar on a crème brûlée, achieving a delightful crunchy topping."
Traveling & Adventure,Backpack,Hiking Challenge,"Embark on a challenging hike with a fully packed backpack, exploring nature and enjoying breathtaking views along the way."
Traveling & Adventure,Sleeping Bag,Camping Under the Stars Challenge,"Camp in a remote location and spend a night under the stars, using the sleeping bag for a cozy and memorable experience."
Traveling & Adventure,Tent,Wilderness Camping Challenge,"Set up a tent and camp in the wilderness, embracing the serenity of nature and learning essential camping skills."
Traveling & Adventure,Compass,Orienteering Challenge,"Navigate through a designated course using a compass, honing your orienteering skills and finding your way to checkpoints."
Traveling & Adventure,Camping Stove,Outdoor Cooking Challenge,"Prepare a delicious meal using the camping stove, showcasing your culinary skills in a rustic outdoor setting."
Traveling & Adventure,Travel Hammock,Hammock Relaxation Challenge,"Find a scenic spot and relax in a travel hammock, enjoying peaceful moments suspended between two trees."
Traveling & Adventure,Binoculars,Birdwatching Challenge,Use binoculars to observe and identify different bird species during a birdwatching session in a natural habitat.
Traveling & Adventure,Portable Water Filter,Backcountry Adventure Challenge,Venture on a backcountry adventure and use the portable water filter to drink from natural water sources safely.
Traveling & Adventure,Trekking Poles,Mountain Trek Challenge,"Trek up a mountain or challenging terrain with trekking poles, providing stability and support during the journey."
Traveling & Adventure,Camping Lantern,Night Photography Challenge,Capture stunning night photography using the camping lantern for creative lighting and illuminating the surroundings.
Traveling & Adventure,Travel Pillow,Airport Challenge,"Use the travel pillow to get some rest during long layovers or overnight flights, making the airport experience more comfortable."
Traveling & Adventure,Inflatable Kayak,Kayaking Expedition Challenge,"Embark on a kayaking expedition using an inflatable kayak, exploring waterways and scenic locations along the route."
Traveling & Adventure,Portable Power Bank,Remote Adventure Challenge,Engage in a remote adventure and use the portable power bank to keep essential devices charged throughout the trip.
Traveling & Adventure,Headlamp,Nighttime Adventure Challenge,"Experience an outdoor activity at night with the headlamp, such as hiking or stargazing, adding excitement and new perspectives."
Traveling & Adventure,Travel Journal,Travel Writing Challenge,"Keep a travel journal and write about your adventures, capturing memories and reflections of your journey."
Traveling & Adventure,First Aid Kit,Wilderness Survival Challenge,"Practice wilderness survival skills and use the first aid kit for minor injuries, preparing for unexpected situations."
Traveling & Adventure,Pocket Multi-Tool,DIY Outdoor Challenge,"Use the pocket multi-tool for various DIY tasks during an outdoor adventure, demonstrating resourcefulness and creativity."
Traveling & Adventure,Waterproof Camera,Snorkeling Photography Challenge,"Take underwater photographs while snorkeling using the waterproof camera, capturing the beauty of marine life."
Traveling & Adventure,Portable Solar Charger,Off-Grid Expedition Challenge,Go on an off-grid expedition and rely on the portable solar charger to recharge devices using solar power.
Traveling & Adventure,Travel Adapter,International Journey Challenge,Travel to a foreign country and use the travel adapter to ensure compatibility with different electrical outlets.
Literature & Reading,Classic Novel,Classic Literature Challenge,"Read a renowned classic novel, delving into timeless stories and exploring the depth of literary masterpieces."
Literature & Reading,Poetry Collection,Poetry Reading Challenge,"Enjoy reading a collection of poems, savoring the beauty of language and the emotions conveyed through poetic verses."
Literature & Reading,Fictional Fantasy Book,Fantasy Adventure Challenge,"Immerse yourself in a fictional fantasy book, embarking on a thrilling adventure in a fantastical world of magic and wonder."
Literature & Reading,Mystery Novel,Mystery Solving Challenge,"Engage in a mystery novel, trying to solve the plot's enigma and uncover the identity of the culprit before the reveal."
Literature & Reading,Biography,Biographical Exploration Challenge,"Dive into a biography, learning about the life and experiences of an inspiring individual and their journey to success."
Literature & Reading,Self-Help Book,Personal Growth Challenge,"Read a self-help book, absorbing valuable insights and implementing positive changes for personal growth and development."
Literature & Reading,Science Fiction Novel,Futuristic Journey Challenge,"Embark on a science fiction journey with a captivating novel, exploring futuristic settings and mind-bending concepts."
Literature & Reading,Historical Fiction Book,Historical Era Challenge,"Transport yourself to a different historical era with a captivating historical fiction book, immersing in bygone times."
Literature & Reading,Non-Fiction Essay,Thought-Provoking Essay Challenge,"Read a non-fiction essay or collection of essays, engaging in thought-provoking ideas and critical analysis of the topics."
Literature & Reading,Graphic Novel,Visual Storytelling Challenge,"Experience the power of visual storytelling with a graphic novel, appreciating the combination of art and narrative."
Literature & Reading,Classic Play,Theatrical Drama Challenge,"Explore a classic play, envisioning the drama and dialogues as if watching a live theatrical performance on the stage."
Literature & Reading,Short Story Collection,Bite-Sized Fiction Challenge,"Enjoy a collection of short stories, experiencing a range of emotions and themes within concise and impactful narratives."
Literature & Reading,Fictional Romance Book,Heartwarming Love Story Challenge,"Delight in a fictional romance book, being swept away by heartwarming love stories and exploring the complexities of love."
Literature & Reading,Satirical Novel,Social Commentary Challenge,"Engage in a satirical novel, appreciating its humorous critique of society and its clever commentary on human behavior."
Literature & Reading,Cultural Anthology,Diversity and Inclusion Challenge,"Read a cultural anthology, celebrating diverse voices and exploring the richness of different traditions and perspectives."
Literature & Reading,Adventure Non-Fiction,True-Life Adventure Challenge,"Read an adventure non-fiction book, following real-life explorers and adventurers on thrilling quests across the globe."
Literature & Reading,Classic Poetry Collection,Classic Poets Challenge,"Immerse yourself in a classic poetry collection, discovering the works of renowned poets and their contributions to literature."
Literature & Reading,Inspirational Memoir,Resilience and Hope Challenge,"Read an inspirational memoir, finding strength and hope in the author's journey of overcoming challenges and adversity."
Literature & Reading,Children's Picture Book,Imaginative Storytime Challenge,"Experience the magic of children's picture books, reveling in imaginative stories and vibrant illustrations for all ages."
Literature & Reading,Mystery Thriller Novel,Suspenseful Page-Turner Challenge,"Engross yourself in a mystery thriller novel, getting hooked by its suspense and twists that keep you turning the pages."
Fashion,Little Black Dress,Styling Challenge,"Create different stylish outfits using the little black dress as the centerpiece, showcasing versatility and creativity."
Fashion,Classic White Shirt,Wardrobe Essential Challenge,"Build a variety of chic looks using the classic white shirt, mixing and matching with different bottoms and accessories."
Fashion,Denim Jeans,Denim Styling Challenge,"Experiment with various denim styles, from casual to dressed-up, and create trendy ensembles using denim jeans."
Fashion,Statement Necklace,Accessory Coordination Challenge,"Coordinate outfits with a statement necklace, accessorizing to elevate simple looks and add a pop of personality."
Fashion,Leather Jacket,Edgy Fashion Challenge,"Incorporate a leather jacket into edgy and fashionable outfits, embracing the rock-chic vibe with confidence."
Fashion,Oversized Sunglasses,Retro Glam Challenge,"Embrace the retro glamour look with oversized sunglasses, pairing them with vintage-inspired clothing and accessories."
Fashion,Printed Scarf,Scarf Styling Challenge,"Style different outfits with a printed scarf, exploring various ways to tie and drape the scarf for added elegance."
Fashion,Trench Coat,Timeless Elegance Challenge,"Exude timeless elegance by styling a trench coat with classic pieces, capturing the sophistication of a modern-day icon."
Fashion,Striped Shirt,Nautical-Inspired Challenge,"Create a nautical-inspired ensemble using a striped shirt, drawing inspiration from the sea and maritime fashion."
Fashion,High Heel Pumps,Power Dressing Challenge,"Power dress by wearing high heel pumps with confidence, elevating your style and boosting self-assurance."
Fashion,Fedora Hat,Boho Chic Challenge,"Embrace the boho chic style by incorporating a fedora hat into your outfit, combining free-spirited and trendy elements."
Fashion,Crossbody Bag,Hands-Free Chic Challenge,"Opt for hands-free chic by styling different looks with a crossbody bag, balancing practicality and style effortlessly."
Fashion,Silk Scarf,Parisian Chic Challenge,"Channel Parisian chic by wearing a silk scarf in various ways, capturing the essence of French elegance and sophistication."
Fashion,Floral Dress,Springtime Blossoms Challenge,"Embrace springtime vibes with a floral dress, celebrating the beauty of blooming flowers through fashion."
Fashion,Athleisure Wear,Athleisure Mix & Match Challenge,"Master the art of athleisure wear by mixing sporty pieces with stylish elements, achieving a casual yet polished look."
Fashion,Ankle Boots,Fall Fashion Challenge,"Transition into fall with ankle boots, styling them with cozy outfits and autumnal colors for a chic seasonal look."
Fashion,Maxi Skirt,Effortless Bohemian Challenge,"Embrace an effortless bohemian look with a maxi skirt, pairing it with flowy tops and accessories inspired by nature."
Fashion,Denim Jacket,Street Style Challenge,"Embrace street style by incorporating a denim jacket into edgy and urban-inspired outfits, showcasing individuality."
Fashion,Embellished Clutch,Evening Glam Challenge,"Elevate your evening look with an embellished clutch, adding a touch of glamour and sophistication to formal attire."
Fashion,Off-Shoulder Top,Summer Vacation Challenge,"Prepare for a summer vacation with off-shoulder tops, creating breezy and stylish outfits perfect for sunny destinations."
Hairstyling,Hair Clip,Casual Hairstyle Challenge,"Create a casual and effortless hairstyle using a hair clip, showcasing a quick and chic look for everyday wear."
Hairstyling,Headband,Vintage Glam Challenge,"Style a vintage-inspired look with a headband, channeling the elegance and charm of past eras into modern-day fashion."
Hairstyling,Hair Scrunchie,Playful Ponytail Challenge,"Design a playful and fun ponytail using a hair scrunchie, exploring different colors and patterns for a youthful vibe."
Hairstyling,Bobby Pins,Creative Updo Challenge,"Experiment with bobby pins to create an intricate and creative updo, demonstrating unique hairstyling techniques."
Hairstyling,Hair Claw,Half-Up Half-Down Challenge,"Fashion a trendy half-up half-down hairstyle with a hair claw, achieving an effortlessly chic and polished appearance."
Hairstyling,Hair Ribbon,Whimsical Braid Challenge,"Incorporate a hair ribbon into a whimsical braided hairstyle, infusing charm and flair into a traditional braid."
Hairstyling,Hair Stick,Elegant Bun Challenge,"Craft an elegant and sophisticated bun hairstyle using a hair stick, evoking a sense of timeless beauty and grace."
Hairstyling,Hair Ties,Top Knot Challenge,"Create a stylish top knot hairstyle using hair ties, elevating a simple and sleek look for any occasion."
Hairstyling,Hair Barrette,French Twist Challenge,"Achieve a classic French twist hairstyle with a hair barrette, exuding timeless elegance and sophistication."
Hairstyling,Hairband,Boho Waves Challenge,"Fashion boho-inspired waves in your hair with a hairband, capturing a relaxed and carefree beachy vibe."
Hairstyling,Hair Comb,Glamorous Upstyle Challenge,"Design a glamorous and stunning upstyle using a hair comb, perfect for special occasions and formal events."
Hairstyling,Hair Bow,Adorable Pigtails Challenge,"Incorporate a hair bow into adorable pigtails, adding a touch of sweetness and charm to your hairstyle."
Hairstyling,Hair Clamps,Modern Sleek Look Challenge,"Achieve a modern and sleek hairstyle using hair clamps, achieving a polished and sophisticated appearance."
Hairstyling,Hair Crown,Fairy Tale Princess Challenge,"Embrace your inner princess with a hair crown, creating a dreamy and ethereal look fit for a fairy tale story."
Hairstyling,Hair Elastic,Messy Bun Challenge,"Master the art of a messy bun using a hair elastic, achieving an effortless and relaxed hairstyle full of personality."
Hairstyling,Hair Twists,Twist and Tuck Challenge,"Experiment with hair twists to create elegant twist and tuck hairstyles, offering a chic and intricate updo option."
Hairstyling,Hair Ribbon Scarf,Retro Ponytail Challenge,"Achieve a retro-inspired ponytail with a hair ribbon scarf, capturing the nostalgic charm of bygone eras."
Hairstyling,Hair Pin,Floral Hair Accessories Challenge,"Enhance your hairstyle with floral hair pins, adding delicate and natural accents for a refreshing and feminine look."
Hairstyling,Hair Bun Maker,Donut Bun Challenge,"Use a hair bun maker to create a perfect donut bun, achieving a polished and voluminous bun hairstyle with ease."
Hairstyling,Hair Extension,Long and Luscious Locks Challenge,"Transform your look with hair extensions, exploring longer and voluminous hairstyles for a dramatic change."
Gardening,Garden Gloves,Planting Challenge,"Put on your garden gloves and plant a variety of seeds or seedlings, nurturing the beginnings of a thriving garden."
Gardening,Trowel,Soil Preparation Challenge,"Use a trowel to prepare the soil for planting, ensuring it's well-aerated and ready to provide a nurturing environment."
Gardening,Watering Can,Watering Routine Challenge,"Develop a consistent watering routine using a watering can, providing your plants with the right amount of hydration."
Gardening,Pruning Shears,Pruning and Trimming Challenge,Use pruning shears to trim overgrown branches and maintain the shape and health of your plants and shrubs.
Gardening,Garden Fork,Compost Turning Challenge,"Turn and aerate the compost pile with a garden fork, accelerating the decomposition process and producing rich compost."
Gardening,Plant Labels,Plant Identification Challenge,"Label your plants and flowers with plant labels, becoming familiar with their names and characteristics for easy care."
Gardening,Garden Rake,Clearing and Leveling Challenge,"Use a garden rake to clear debris and level the ground, preparing the garden bed for new plantings or landscaping."
Gardening,Seed Starter Trays,Seed Germination Challenge,Use seed starter trays to germinate seeds indoors before transplanting them to the garden for a successful start.
Gardening,Garden Hoe,Weeding Challenge,"Eliminate weeds from the garden using a garden hoe, keeping the garden beds tidy and minimizing competition for nutrients."
Gardening,Garden Kneeler,Comfortable Gardening Challenge,"Use a garden kneeler to protect your knees and joints while tending to your garden, ensuring comfortable gardening sessions."
Gardening,Garden Wheelbarrow,Garden Cleanup Challenge,"Load your garden wheelbarrow with garden waste and debris, facilitating a thorough cleanup of your outdoor space."
Gardening,Plant Support Stakes,Plant Support Challenge,"Install plant support stakes to help your tall or climbing plants grow upright and strong, preventing breakage and damage."
Gardening,Hand Pruners,Deadheading Challenge,"Deadhead faded flowers using hand pruners, encouraging continuous blooming and maintaining the beauty of your garden."
Gardening,Garden Tiller,Garden Bed Preparation Challenge,"Use a garden tiller to prepare larger garden beds, ensuring loose and fertile soil for optimal plant growth."
Gardening,Plant Hangers,Hanging Garden Challenge,"Create a hanging garden with plant hangers, transforming vertical spaces into green havens filled with lush foliage."
Gardening,Garden Edging,Defined Garden Borders Challenge,"Install garden edging to define and separate different garden areas, giving your garden a neat and organized appearance."
Gardening,Potting Bench,Potting Station Challenge,"Set up a potting bench as a dedicated area for potting and repotting plants, creating a well-equipped gardening workspace."
Gardening,Garden Shovel,Transplanting Challenge,"Use a garden shovel to carefully transplant seedlings or plants to their new growing locations, ensuring a smooth transition."
Gardening,Garden Cart,Harvesting Challenge,"Load your garden cart with freshly harvested fruits and vegetables, enjoying the rewards of your hard work in the garden."
Gardening,Garden Sprayer,Fertilizing and Pest Control Challenge,"Use a garden sprayer to apply organic fertilizers and natural pest control solutions, promoting healthy and pest-free plants."
Organization,Storage Bins,Decluttering Challenge,"Organize and declutter different areas of your home using storage bins, creating tidy and functional spaces."
Organization,File Folders,Paper Management Challenge,"Sort and categorize documents using file folders, establishing an efficient and well-organized filing system."
Organization,Drawer Organizers,Tidy Drawer Challenge,"Use drawer organizers to arrange and separate items in drawers, achieving a neat and clutter-free storage solution."
Organization,Labels,Labeling Project Challenge,"Label containers, shelves, and items in your home to enhance organization and facilitate easy access to belongings."
Organization,Pegboards,Tool and Supplies Organization Challenge,"Organize tools and supplies on pegboards in the garage or workspace, creating an orderly and accessible storage system."
Organization,Cable Management,Tech Accessories Challenge,"Manage and organize cables and cords for electronic devices, tidying up the workspace and reducing cable clutter."
Organization,Magazine Holders,Magazine and Book Storage Challenge,"Utilize magazine holders to store and organize magazines and books, keeping reading materials easily accessible."
Organization,Shoe Racks,Shoe Organization Challenge,"Arrange shoes on shoe racks to keep them neat and organized, making it easy to find the right pair for any occasion."
Organization,Closet Dividers,Wardrobe Organization Challenge,"Organize clothes in the closet using dividers to categorize and arrange items by type, color, or season."
Organization,Baskets,Pantry and Kitchen Organization Challenge,"Use baskets in the pantry and kitchen to group similar items, maximizing storage space and simplifying meal preparation."
Organization,Jewelry Organizer,Accessory Storage Challenge,"Organize jewelry and accessories with a jewelry organizer, keeping them tangle-free and readily available to wear."
Organization,Command Hooks,Wall Storage Challenge,"Utilize command hooks to hang and organize items on walls, optimizing vertical space and reducing clutter on surfaces."
Organization,Cork Boards,Memo and Inspiration Board Challenge,"Create a memo or inspiration board with cork boards, organizing notes, photos, and inspiration to stay productive and creative."
Organization,Plastic Drawers,Craft Supplies Challenge,"Organize craft supplies in plastic drawers, ensuring all materials are easily accessible and well-arranged for projects."
Organization,Desktop Organizers,Office Desk Cleanup Challenge,"Tidy up your office desk using desktop organizers, optimizing productivity by having essential items within reach."
Organization,Filing Cabinets,File Management Challenge,"Organize important documents and files in filing cabinets, ensuring a systematic approach to document storage."
Organization,Expandable Shelves,Kitchen Cabinet Organization Challenge,"Use expandable shelves in kitchen cabinets to maximize storage space, organizing dishes and cookware efficiently."
Organization,Toy Bins,Toy Storage Challenge,"Organize toys in bins or containers, encouraging kids to tidy up and making it easier to find specific toys to play with."
Organization,Under-Bed Storage,Under-Bed Organization Challenge,"Utilize under-bed storage to store out-of-season clothing or extra bedding, optimizing space in bedrooms and closets."
Organization,Magazine Files,Home Office Magazine Challenge,"Organize magazines and periodicals in magazine files, creating a clean and organized home office space."
Collecting,Coin Album,Coin Collecting Challenge,"Start a coin collection and organize it in a coin album, exploring various coins from different countries and eras."
Collecting,Stamp Album,Stamp Collecting Challenge,"Begin a stamp collection and organize it in a stamp album, discovering unique and rare stamps from around the world."
Collecting,Baseball Cards,Sports Card Collecting Challenge,"Collect baseball cards and organize them in a card binder, celebrating the achievements of legendary players and teams."
Collecting,Vintage Postcards,Postcard Collection Challenge,"Gather vintage postcards and organize them in a postcard album, relishing historical images and travel memorabilia."
Collecting,Action Figures,Action Figure Display Challenge,"Collect action figures and arrange them in a creative display, showcasing your favorite characters and superheroes."
Collecting,Comic Books,Comic Book Collection Challenge,"Start a comic book collection and organize them in comic book boxes, immersing yourself in thrilling superhero stories."
Collecting,Vinyl Records,Music Record Collecting Challenge,"Collect vinyl records and organize them in a record shelf, experiencing the nostalgia and rich sound of analog music."
Collecting,Antique Books,Antique Book Collecting Challenge,"Gather antique books and organize them in a bookshelf, delving into the literary treasures of the past."
Collecting,Vintage Toys,Vintage Toy Collecting Challenge,"Collect vintage toys and display them in a showcase, reminiscing the charm and playfulness of old-fashioned toys."
Collecting,Movie Memorabilia,Movie Collectibles Challenge,"Acquire movie memorabilia and organize them in a memorabilia box, cherishing iconic films and actors from cinema history."
Collecting,Art Prints,Art Print Collection Challenge,"Gather art prints and arrange them in frames, adorning your walls with an inspiring and diverse art collection."
Collecting,Rare Books,Rare Book Hunt Challenge,"Search for rare and valuable books to add to your rare book collection, exploring bookstores and auctions for treasures."
Collecting,Vintage Cameras,Camera Collection Challenge,"Collect vintage cameras and exhibit them in a display case, appreciating the evolution of photography over the years."
Collecting,Vinyl Figures,Vinyl Figure Collecting Challenge,"Gather vinyl figures and create a unique display, featuring characters from movies, TV shows, and pop culture icons."
Collecting,Matchbox Cars,Vintage Car Collection Challenge,"Collect vintage Matchbox cars and showcase them in a vintage car display, capturing the nostalgia of classic automobiles."
Collecting,Artifacts,Historical Artifact Collection Challenge,"Collect historical artifacts and arrange them in a display cabinet, preserving and showcasing pieces of history."
Collecting,Vintage Clothing,Vintage Fashion Collection Challenge,"Gather vintage clothing pieces and organize them in a vintage wardrobe, exploring fashion trends of bygone eras."
Collecting,Dolls,Doll Collection Challenge,"Start a doll collection and display them on a doll shelf, admiring various dolls from different cultures and styles."
Collecting,Rare Coins,Rare Coin Hunt Challenge,"Hunt for rare coins to add to your collection, researching and identifying valuable coins to enhance your collection."
Collecting,Autographs,Autograph Collecting Challenge,"Collect autographs of celebrities or famous personalities, preserving these unique signatures in an autograph album."
Volunteering,Food Drive Supplies,Food Drive Organization,"Organize a food drive in your community, collecting non-perishable items and distributing them to those in need."
Volunteering,Cleaning Supplies,Community Cleanup,"Participate in a community cleanup event, using cleaning supplies to pick up litter and improve the local environment."
Volunteering,Activity Materials,Children's Program,"Plan and conduct activities for children at community centers or schools, using activity materials to engage and educate."
Volunteering,Garden Tools,Community Garden Support,"Volunteer at a community garden, using garden tools to plant, weed, and maintain the garden for sustainable produce."
Volunteering,Pet Care Supplies,Animal Shelter Assistance,"Assist at an animal shelter, using pet care supplies to care for animals, provide companionship, and promote adoption."
Volunteering,School Supplies,Education Support,"Donate and distribute school supplies to underprivileged students, ensuring they have the tools needed for education."
Volunteering,Paint and Brushes,Art Workshop for Seniors,"Organize an art workshop for seniors in retirement homes, using paint and brushes to encourage creativity and expression."
Volunteering,Sports Equipment,Youth Sports Coach,"Coach a youth sports team, providing instruction and sports equipment to promote physical activity and teamwork."
Volunteering,First Aid Kits,Community Health Fair,"Volunteer at a health fair, providing first aid assistance and information to promote community wellness and safety."
Volunteering,Blankets and Clothing,Homeless Shelter Support,"Support a homeless shelter by providing blankets, clothing, and necessities to those in need during difficult times."
Volunteering,Musical Instruments,Music Therapy Program,"Contribute to a music therapy program for individuals with special needs, using musical instruments to aid in healing."
Volunteering,Sewing Machines,Sewing and Tailoring for Charity,"Offer sewing and tailoring services to create clothing and accessories for charity, supporting vulnerable communities."
Volunteering,Building Materials,Habitat for Humanity,"Volunteer with Habitat for Humanity, using building materials to construct or repair homes for families in need."
Volunteering,Educational Materials,Literacy Program Support,Assist in literacy programs by providing educational materials and teaching support to enhance reading skills.
Volunteering,Hygiene Kits,Disaster Relief Assistance,"Help assemble and distribute hygiene kits during disaster relief efforts, providing essential supplies to those affected."
Volunteering,Computers and Tech,Digital Literacy Program,Support a digital literacy program by providing computers and tech assistance to empower individuals with digital skills.
Volunteering,Winter Clothing,Winter Clothing Drive,"Organize a winter clothing drive, collecting warm clothes to donate to homeless shelters or those in cold climates."
Volunteering,Medical Supplies,Medical Outreach Program,"Volunteer for a medical outreach program, providing medical supplies and services to underserved communities."
Volunteering,Knitting Needles,Knitting for a Cause,"Knit or crochet items such as hats, scarves, or blankets for charity, providing warmth and comfort to those in need."
Volunteering,Camping Equipment,Outdoor Adventure Program,"Support an outdoor adventure program for youth, using camping equipment to facilitate outdoor learning and exploration."
Studying,Textbooks,Reading Comprehension,"Read and comprehend chapters from textbooks, taking notes to reinforce understanding and prepare for exams."
Studying,Notebooks,Effective Note-taking,"Practice effective note-taking during lectures or while studying, summarizing key points to aid in retention."
Studying,Highlighters,Active Reading,"Use highlighters while reading to mark important information, promoting active engagement with the study material."
Studying,Flashcards,Memorization Practice,"Create flashcards to memorize key concepts, definitions, and formulas, reinforcing memory recall for exams."
Studying,Calculator,Problem Solving,"Solve math or science problems using a calculator, mastering problem-solving techniques and equations."
Studying,Laptop/Computer,Research Papers,"Conduct research and write research papers using a laptop or computer, citing credible sources to support arguments."
Studying,Whiteboard,Concept Visualization,"Use a whiteboard to visually represent complex concepts, aiding in understanding and memory retention."
Studying,Sticky Notes,Exam Review,Write important points or formulas on sticky notes and place them in visible areas for quick exam review.
Studying,Planner/Calendar,Time Management,"Organize study schedules and deadlines using a planner or calendar, managing time effectively for each subject."
Studying,Online Learning Tools,Online Courses,"Enroll in online courses to supplement learning, expanding knowledge and exploring new subjects of interest."
Studying,Graphing Calculator,Graph Plotting,"Use a graphing calculator to plot and analyze mathematical functions, gaining insights into their behavior."
Studying,Dictionary/Thesaurus,Vocabulary Enhancement,"Refer to a dictionary or thesaurus to enhance vocabulary, incorporating new words into writing and speech."
Studying,Stationery Set,Color-Coded Organization,"Organize study materials using color-coded folders, pens, and highlighters for easier retrieval and retention."
Studying,Bookmark,Reading Progress Tracking,Use bookmarks while reading textbooks or novels to track progress and quickly resume from where you left off.
Studying,Voice Recorder,Lecture Notes Review,"Record lectures using a voice recorder and replay them to review notes, reinforcing understanding and clarifying doubts."
Studying,Tablet,E-Books and PDFs,"Utilize a tablet to access e-books and PDFs, making studying more portable and accessible in digital formats."
Studying,Stopwatch,Time-Based Practice,"Use a stopwatch to time yourself during practice tests or study sessions, simulating exam conditions and improving speed."
Studying,Drawing Compass,Geometry Practice,"Employ a drawing compass to practice geometric constructions and proofs, mastering concepts and measurements."
Studying,Reference Books,In-depth Research,"Consult reference books to delve deeper into specific topics, gaining comprehensive knowledge for academic projects."
Studying,Mind Mapping Tools,Creative Brainstorming,"Use mind mapping tools to brainstorm ideas and connections, facilitating creative thinking and comprehensive understanding."
Room Decor ,Wall Art,Art Arrangement,"Create an art arrangement on a blank wall, combining paintings, prints, and photographs to form an eye-catching display."
Room Decor ,Decorative Mirrors,Mirror Gallery,"Set up a mirror gallery wall, using decorative mirrors to reflect light and add depth, making the room appear more spacious."
Room Decor ,Throw Pillows,Pillow Mix-and-Match,"Arrange throw pillows on a couch or bed, experimenting with different patterns and textures to achieve a stylish combination."
Room Decor ,Area Rugs,Rug Placement,"Place area rugs in various rooms, adding warmth and defining spaces while ensuring they complement the overall decor."
Room Decor ,Decorative Vases,Flower Arrangement,"Arrange fresh or faux flowers in decorative vases, enhancing the room with a touch of nature and elegance."
Room Decor ,Picture Frames,Family Photo Wall,"Create a family photo wall using picture frames, displaying cherished memories and personalizing the space."
Room Decor ,Table Lamps,Ambient Lighting,"Incorporate table lamps into the decor to provide ambient lighting, creating a cozy and inviting atmosphere in the room."
Room Decor ,Wall Shelves,Stylish Shelf Display,"Decorate wall shelves with decorative items, books, and small plants, curating a stylish and organized shelf display."
Room Decor ,Wall Clocks,Timeless Timepiece,"Hang decorative wall clocks to add a functional and artistic element to the room, enhancing its overall aesthetic."
Room Decor ,Accent Chairs,Reading Nook,"Set up a cozy reading nook with an accent chair, a side table, and a reading lamp, creating a relaxing corner for book lovers."
Room Decor ,Decorative Lanterns,Cozy Outdoor Space,"Use decorative lanterns to create a cozy and inviting outdoor space, perfect for evenings spent under the stars."
Room Decor ,Wall Decals,Creative Wall Stickers,"Apply creative wall decals or stickers, adding a unique and temporary design element to walls without damaging paint."
Room Decor ,Floor Cushions,Boho Lounge Area,"Arrange floor cushions and low seating to create a bohemian-inspired lounge area, perfect for relaxed gatherings."
Room Decor ,Wall Hangings,Macrame and Tapestries,"Hang macrame and tapestries as decorative accents, adding texture and visual interest to bare walls."
Room Decor ,Curtain Panels,Window Treatment,"Install stylish curtain panels to dress up windows, enhancing privacy and controlling natural light in the room."
Room Decor ,Decorative Trays,Coffee Table Centerpiece,"Decorate a coffee table with a decorative tray, candles, and small decor pieces, creating an attractive centerpiece."
Room Decor ,Scented Candles,Aromatherapy Ambiance,"Use scented candles to add a relaxing and aromatic ambiance to the room, enhancing the overall sensory experience."
Room Decor ,Hanging Planters,Indoor Greenery,Hang decorative planters with trailing plants to introduce greenery and freshness to interior spaces.
Room Decor ,Throw Blankets,Cozy Blanket Basket,"Fold and stack throw blankets in a basket, creating a cozy and accessible storage solution while adding texture to the room."
Room Decor ,Decorative Room Divider,Privacy and Style,Use a decorative room divider to add privacy to open spaces while also incorporating it as a stylish statement piece.
Health & Nutrition,Water Bottle,Hydration Challenge,"Drink the recommended amount of water daily, using a water bottle to track and ensure proper hydration."
Health & Nutrition,Food Scale,Portion Control,"Use a food scale to measure portions, practicing portion control to maintain a balanced diet and manage calorie intake."
Health & Nutrition,Blender,Smoothie Making,"Make nutritious smoothies using a blender, incorporating fruits, vegetables, and protein for a healthy and tasty treat."
Health & Nutrition,Fitness Tracker,Daily Steps Challenge,"Set a daily step goal using a fitness tracker, encouraging physical activity and achieving a certain number of steps daily."
Health & Nutrition,Nutritional Supplements,Vitamin and Mineral Intake,"Take appropriate nutritional supplements to ensure adequate vitamin and mineral intake, supporting overall health."
Health & Nutrition,Kitchen Food Storage Containers,Meal Prepping,"Utilize food storage containers for meal prepping, preparing and organizing healthy meals for the week ahead."
Health & Nutrition,Healthy Cookbook,New Recipe Challenge,"Try new healthy recipes from a cookbook, exploring different cuisines and cooking techniques to enhance nutrition."
Health & Nutrition,Resistance Bands,Strength Training Challenge,"Incorporate resistance bands into workouts, engaging in strength training exercises to build muscle and improve fitness."
Health & Nutrition,Meal Planning Template,Balanced Meal Planning,"Create a meal planning template, designing balanced meals that include essential nutrients and food groups."
Health & Nutrition,Heart Rate Monitor,Cardio Workout Challenge,"Monitor heart rate during cardio workouts, aiming to maintain an optimal heart rate zone for effective exercise."
Health & Nutrition,Healthy Snacks,Snack Swap Challenge,"Replace unhealthy snacks with nutritious alternatives, choosing fruits, nuts, or yogurt for a healthier snacking habit."
Health & Nutrition,Pedometer,Walking Routine,"Use a pedometer to track daily steps, setting achievable walking goals to improve overall physical activity and well-being."
Health & Nutrition,Yoga Mat,Daily Yoga Practice,"Practice yoga regularly using a yoga mat, enhancing flexibility, balance, and mindfulness through consistent practice."
Health & Nutrition,Fitness Journal,Progress Tracking,"Keep a fitness journal to track workouts, nutrition, and overall health progress, staying motivated on the fitness journey."
Health & Nutrition,Handheld Blender,Wholesome Soups,"Make homemade, wholesome soups using a handheld blender, packed with nutrient-dense ingredients for nourishing meals."
Health & Nutrition,Plant-Based Protein Powder,Meatless Meal Challenge,"Incorporate plant-based protein powder into meatless meals, exploring vegetarian or vegan alternatives for protein intake."
Health & Nutrition,Meditation Cushion,Daily Meditation Practice,"Establish a daily meditation practice using a meditation cushion, cultivating mindfulness and reducing stress levels."
Health & Nutrition,Sleep Tracker,Sleep Quality Improvement,"Monitor sleep patterns with a sleep tracker, adopting healthy sleep habits to improve sleep quality and overall well-being."
Health & Nutrition,Weighted Hula Hoop,Fun Fitness Challenge,"Incorporate a weighted hula hoop into workouts, making fitness fun and engaging while improving core strength and balance."
Health & Nutrition,Nut Butter Maker,Homemade Nut Butter,"Use a nut butter maker to create homemade nut butters, avoiding added sugars and preservatives for a healthier option."
Astronomy,Telescope,Celestial Observation,"Use a telescope to observe planets, stars, and celestial objects, exploring the wonders of the night sky."
Astronomy,Star Chart,Stargazing Challenge,"Utilize a star chart to identify constellations and stars, engaging in stargazing sessions and learning their stories."
Astronomy,Astronomy Binoculars,Moon and Planet Observation,"Use astronomy binoculars to observe the moon and planets, capturing details like craters and planetary features."
Astronomy,Astronomy Software,Virtual Sky Exploration,"Explore the night sky virtually with astronomy software, identifying stars, galaxies, and nebulae using the database."
Astronomy,Planisphere,Seasonal Sky Mapping,Use a planisphere to track the changing positions of stars and constellations throughout the seasons.
Astronomy,Astronomical Calendar,Meteor Shower Watching,"Check the astronomical calendar for meteor shower dates, and observe these celestial events with the naked eye."
Astronomy,Solar Filter,Solar Observation,"Safely observe the sun using a solar filter, witnessing sunspots, solar flares, and other solar phenomena."
Astronomy,Astronomy Books,Cosmic Knowledge Exploration,"Read astronomy books to learn about the universe, from its origins to black holes, expanding your cosmic knowledge."
Astronomy,Space Apps and Websites,Space Exploration Research,"Explore space apps and websites, learning about space missions, exoplanets, and the latest discoveries in astronomy."
Astronomy,Astronomy Magazines,Current Space Events,"Read astronomy magazines to stay updated on astronomical events, such as eclipses, conjunctions, and planet appearances."
Astronomy,Red Flashlight,Night Vision Preservation,"Use a red flashlight while observing the night sky to preserve your night vision, allowing for better stargazing experiences."
Astronomy,Astronomical Filters,Nebula and Galaxy Observation,"Use astronomical filters to observe nebulae and galaxies, enhancing visibility and appreciating their beauty and diversity."
Astronomy,Star Party Events,Astronomy Group Gatherings,Attend star party events or join astronomy groups to share your passion for stargazing and interact with fellow enthusiasts.
Astronomy,Solar System Model,Planetary Scale Representation,"Create a solar system model to demonstrate the relative sizes and distances of planets, gaining a better sense of scale."
Astronomy,Astronomy Podcasts,Cosmic Audio Exploration,"Listen to astronomy podcasts, exploring topics like space travel, the Big Bang, and the mysteries of the universe."
Astronomy,Lunar Phase Calendar,Moon Observation Challenge,Use a lunar phase calendar to track moon phases and observe the moon's changing appearance throughout the lunar cycle.
Astronomy,Astronomy Lectures,Online Astronomy Courses,"Enroll in online astronomy courses or attend lectures, deepening your understanding of astronomical concepts and phenomena."
Astronomy,Astronomy Smartphone Apps,Augmented Sky Experience,"Download astronomy smartphone apps to identify stars and planets directly from your phone, enhancing your sky observation."
Astronomy,Skywatcher's Logbook,Celestial Journaling,"Maintain a skywatcher's logbook, recording your stargazing experiences, celestial events, and personal reflections."
Astronomy,Space Photography Gear,Astrophotography Challenge,"Explore astrophotography by capturing stunning images of stars, planets, and galaxies using specialized photography gear."
Environment,Reusable Water Bottle,Plastic Reduction Challenge,"Use a reusable water bottle instead of single-use plastic bottles for one month, reducing plastic waste and its impact on the environment."
Environment,Recycling Bins,Waste Sorting Challenge,"Implement a recycling system at home or workplace, ensuring proper waste sorting to divert recyclables from landfills."
Environment,Compost Bin,Composting Challenge,"Start composting organic waste, such as kitchen scraps and yard trimmings, to create nutrient-rich compost for gardening."
Environment,Cloth Grocery Bags,Plastic-Free Shopping Challenge,"Refrain from using plastic bags for shopping and carry groceries using cloth bags for a month, reducing plastic pollution."
Environment,Energy-Efficient Lightbulbs,Energy Conservation Challenge,"Replace traditional lightbulbs with energy-efficient ones in your home, saving electricity and lowering greenhouse gas emissions."
Environment,Bicycle,Car-Free Commuting Challenge,"Commute to work or nearby destinations by bicycle instead of a car for a week, reducing carbon emissions and promoting eco-friendly transportation."
Environment,Rain Barrel,Rainwater Harvesting Challenge,"Install a rain barrel to collect rainwater for watering plants and garden for one season, conserving freshwater resources."
Environment,Solar Panels,Renewable Energy Challenge,"Install solar panels on your rooftop to harness solar energy for your home's electricity needs, reducing reliance on fossil fuels."
Environment,Native Plants,Biodiversity Enhancement Challenge,Plant native plants in your garden or local green spaces to support local biodiversity and attract native wildlife.
Environment,Beekeeping Supplies,Bee Conservation Challenge,"Start beekeeping and care for bees, contributing to pollinator conservation and fostering a healthy bee population."
Environment,E-Waste Recycling Kits,Responsible E-Waste Disposal Challenge,"Collect and recycle electronic waste properly using e-waste recycling kits, preventing hazardous materials from polluting the environment."
Environment,Wildlife Camera Traps,Fauna Monitoring Challenge,"Set up wildlife camera traps in natural areas and document the species and behavior of wildlife, contributing to conservation research."
Environment,Nature Clean-Up Kits,Community Clean-Up Challenge,"Organize or participate in a community clean-up event, removing litter and waste from public spaces and natural areas."
Environment,Environmental Education Materials,Sustainability Awareness Challenge,"Conduct an awareness campaign on environmental issues and sustainability using educational materials, inspiring others to take action."
Environment,Energy Audit Tools,Home Energy Efficiency Challenge,"Perform an energy audit on your home, identifying areas for improvement to enhance energy efficiency and reduce carbon footprint."
Environment,Earth-Friendly Cleaning Supplies,Eco-Friendly Cleaning Challenge,"Use eco-friendly cleaning supplies and practices for a month, minimizing the environmental impact of household cleaning routines."
Environment,Environmental Documentaries,Environmental Film Challenge,Watch environmental documentaries to learn about environmental challenges and inspire action for a sustainable future.
Environment,Green Roof Supplies,Green Roof Installation Challenge,"Install a green roof on a shed or small structure, improving energy efficiency and providing habitat for wildlife."
Environment,Environmental Advocacy Materials,Environmental Advocacy Challenge,Use environmental advocacy materials to support policy changes or participate in a petition drive to protect the environment.
Environment,Water Conservation Devices,Water Usage Reduction Challenge,"Install water-saving devices like low-flow faucets and showerheads, conserving water resources and reducing water bills."
Sustainable Living,Reusable Water Bottle,Plastic Reduction Challenge,"Use a reusable water bottle instead of single-use plastic bottles for one month, reducing plastic waste and its impact on the environment."
Sustainable Living,Stainless Steel Straws,Plastic Straw Replacement Challenge,"Use stainless steel straws or other reusable alternatives for all beverages, eliminating single-use plastic straws."
Sustainable Living,Cloth Grocery Bags,Plastic-Free Shopping Challenge,"Refrain from using plastic bags for shopping and carry groceries using cloth bags for a month, reducing plastic pollution."
Sustainable Living,Beeswax Wraps,Plastic Wrap-Free Challenge,"Switch to beeswax wraps or reusable containers for food storage, eliminating the use of plastic wraps and foils."
Sustainable Living,Eco-Friendly Cleaning Supplies,Eco-Friendly Cleaning Challenge,"Use eco-friendly cleaning supplies and practices for a month, minimizing the environmental impact of household cleaning routines."
Sustainable Living,Compost Bin,Composting Challenge,"Start composting organic waste, such as kitchen scraps and yard trimmings, to create nutrient-rich compost for gardening."
Sustainable Living,Silicone Food Storage Bags,Ziploc Bag Replacement Challenge,"Replace single-use plastic ziplock bags with reusable silicone food storage bags, reducing plastic waste from kitchen use."
Sustainable Living,Glass or Stainless Steel Food Containers,Tupperware Swap Challenge,"Use glass or stainless steel food containers instead of disposable plastic containers for a month, reducing plastic waste."
Sustainable Living,Bamboo Toothbrush,Plastic Toothbrush Replacement Challenge,"Switch to a bamboo toothbrush instead of a plastic one, reducing plastic waste and environmental impact."
Sustainable Living,Menstrual Cup,Menstrual Waste Reduction Challenge,"Use a menstrual cup as a zero-waste alternative to disposable pads or tampons, reducing menstrual waste in landfills."
Sustainable Living,Cloth Napkins,Paper Towel and Napkin Reduction Challenge,"Use cloth napkins instead of paper towels or disposable napkins for a month, reducing paper waste and promoting sustainability."
Sustainable Living,Sustainable Fashion,Secondhand Fashion Challenge,"Purchase secondhand or thrifted clothing for a month, supporting sustainable fashion and reducing the demand for fast fashion."
Sustainable Living,Renewable Energy Sources,Renewable Energy Challenge,"Switch to renewable energy sources like solar or wind power, reducing reliance on non-renewable fossil fuels for electricity."
Sustainable Living,Zero Waste Lunch Kit,Zero Waste Lunch Challenge,"Pack a zero-waste lunch using reusable containers, utensils, and cloth napkins for a month, minimizing lunchtime waste."
Sustainable Living,Stainless Steel or Glass Water Bottle,Disposable Bottle Elimination Challenge,"Refrain from using disposable water bottles for a month, opting for a stainless steel or glass water bottle instead."
Sustainable Living,Homemade Cleaning Products,DIY Cleaning Solutions Challenge,"Make homemade cleaning products using natural ingredients for a month, reducing the use of commercial cleaning chemicals."
Sustainable Living,Eco-Friendly Personal Care Products,Plastic-Free Personal Care Challenge,"Choose plastic-free or refillable personal care products, such as shampoo bars or bar soap, to reduce plastic waste."
Sustainable Living,Sustainable Energy Monitoring Devices,Energy Consumption Reduction Challenge,"Use energy monitoring devices to track and reduce household energy consumption, aiming to lower carbon footprint."
Sustainable Living,Sustainable Kitchen Gadgets,Single-Use Item Replacement Challenge,"Replace single-use kitchen items like paper towels, plastic utensils, and straws with sustainable alternatives for a month."
Sustainable Living,Sustainable Transportation Options,Car-Free Commuting Challenge,"Commute using sustainable transportation options like biking, walking, or public transit for a month, reducing carbon emissions."
Fitness,Dumbbells,Strength Training Challenge,"Incorporate dumbbell exercises into your workout routine, targeting various muscle groups and progressively increasing weights."
Fitness,Resistance Bands,Full-Body Resistance Challenge,"Use resistance bands for full-body workouts, engaging in strength and resistance training without the need for heavy equipment."
Fitness,Yoga Mat,30-Day Yoga Challenge,"Practice yoga daily for 30 days, following online classes or routines, improving flexibility, balance, and mindfulness."
Fitness,Jump Rope,Jump Rope Cardio Challenge,"Include jump rope sessions in your workouts for cardiovascular fitness, aiming to improve endurance and coordination."
Fitness,Medicine Ball,Core Strength Challenge,"Integrate medicine ball exercises into your routine, focusing on core strength and stability for better overall fitness."
Fitness,Foam Roller,Flexibility and Mobility Challenge,"Use a foam roller for self-myofascial release and stretching, improving flexibility, and relieving muscle tension."
Fitness,Stability Ball,Balance and Stability Challenge,"Perform exercises using a stability ball to enhance balance and stability, targeting core muscles and improving posture."
Fitness,Pull-Up Bar,Pull-Up Progression Challenge,"Work on pull-up progressions to build upper body strength and achieve full pull-ups, tracking your improvement over time."
Fitness,Kettlebell,Kettlebell Circuit Challenge,"Create a kettlebell circuit workout, combining various exercises for strength, cardio, and overall functional fitness."
Fitness,Yoga Blocks,Yoga Pose Mastery Challenge,"Utilize yoga blocks to assist in mastering challenging yoga poses, gradually increasing flexibility and alignment."
Fitness,Boxing Gloves and Punching Bag,Boxing Workout Challenge,"Incorporate boxing workouts using gloves and a punching bag, enhancing cardiovascular fitness and relieving stress."
Fitness,Resistance Tubes,Bodyweight and Tube Challenge,Combine bodyweight exercises with resistance tubes to create versatile workouts that target various muscle groups.
Fitness,Fitness Tracker,Daily Step Count Challenge,"Set a daily step goal using a fitness tracker and aim to achieve it for a month, promoting regular physical activity."
Fitness,Yoga Wheel,Backbend and Flexibility Challenge,"Use a yoga wheel to improve back flexibility and achieve deeper backbends, following safe and guided practices."
Fitness,Ankle Weights,Lower Body Strength Challenge,"Add ankle weights to leg exercises, such as lunges and leg lifts, to increase resistance and develop lower body strength."
Fitness,Exercise Bands with Handles,Upper Body and Arm Challenge,"Utilize exercise bands with handles for upper body workouts, targeting arms, shoulders, and chest for improved strength."
Fitness,Swiss Ball,Core Strengthening Challenge,"Incorporate Swiss ball exercises to enhance core strength and stability, engaging various muscle groups for better balance."
Fitness,Battle Ropes,High-Intensity Interval Challenge,"Perform high-intensity interval training (HIIT) using battle ropes, alternating between bursts of effort and rest periods."
Fitness,Push-Up Handles,Push-Up Progression Challenge,"Work on push-up progressions to build upper body strength, mastering various push-up variations for muscle development."
Fitness,Adjustable Weighted Vest,Cardio Intensity Challenge,"Wear an adjustable weighted vest during cardio workouts to increase intensity, enhancing calorie burn and endurance."
Miscellaneous,Smartphone,No Phone Before Breakfast Challenge,Avoid using your smartphone for the first hour after waking up to start your day mindfully.
Miscellaneous,Stairs,Take the Stairs Challenge,Opt for taking the stairs instead of elevators or escalators to get some extra exercise.
Miscellaneous,Smartphone,No Social Media After Dinner Challenge,Avoid using social media on your smartphone for a few hours before bedtime to improve sleep quality.
Miscellaneous,Online Bill Accounts,One-Month Paperless Billing Challenge,Switch to paperless billing for all your bills using online accounts to reduce paper waste.
Miscellaneous,Public Transportation,Public Transportation Week Challenge,Use public transportation or walk/cycle for all your commuting for a week to reduce your carbon footprint.
Miscellaneous,Meatless Ingredients,Meatless Mondays Challenge,"Go meatless every Monday, using plant-based ingredients, to reduce your environmental impact and explore new recipes."
Miscellaneous,Journal,Daily Journaling Challenge,"Write in a journal every day to reflect on your thoughts, emotions, and experiences."
Miscellaneous,Acts of Kindness,Random Act of Kindness Challenge,Perform one random act of kindness for a stranger every day for a week to spread positivity and make a difference in someone's life.
Miscellaneous,Gratitude Journal,Gratitude Journal Challenge,Write down three things you're grateful for every night before bedtime to cultivate a positive mindset.
Miscellaneous,Water Bottle,Stay Hydrated Challenge,Use a water bottle to track your daily water intake and aim to drink the recommended amount of water each day.
Miscellaneous,Timer,Mindful Breathing Challenge,Set a timer for a few minutes each day and practice mindful breathing to reduce stress and promote relaxation.
Miscellaneous,Desk Plant,Office Greenery Challenge,Bring a small plant to your desk to add greenery and improve the indoor air quality in your workspace.
Miscellaneous,Pedometer,Daily Steps Challenge,Set a daily step goal using a pedometer and aim to achieve it by incorporating more physical activity into your day.
Miscellaneous,Reusable Grocery Bags,Plastic-Free Shopping Challenge,Use reusable grocery bags for all your shopping to reduce plastic waste and single-use bag consumption.
Miscellaneous,Solar Charger,Solar Power Challenge,Use a solar charger to charge your electronic devices and rely on renewable energy to power your gadgets.
Miscellaneous,Meditation Cushion,Daily Meditation Challenge,"Set aside time each day to meditate on a meditation cushion, improving mindfulness and focus."
Miscellaneous,Reusable Cutlery Set,Zero-Waste Lunch Challenge,"Pack a zero-waste lunch using a reusable cutlery set and food containers, avoiding disposable items."
Miscellaneous,Eco-Friendly Cleaning Supplies,Green Cleaning Challenge,Switch to eco-friendly cleaning supplies for your household cleaning to reduce harmful chemicals and their impact on the environment.
Miscellaneous,Compost Bin,Composting Challenge,"Start a compost bin for your organic kitchen waste, converting it into nutrient-rich compost for your plants."
Miscellaneous,Alarm Clock,Screen-Free Mornings Challenge,"Use an alarm clock to wake up in the morning instead of relying on your smartphone, reducing screen time right after waking up."
Miscellaneous,Sustainable Shopping Bag,Plastic Bag-Free Month Challenge,"Refrain from using any plastic shopping bags for a whole month, promoting eco-friendly alternatives like reusable bags."
Miscellaneous,Resistance Bands,Resistance Training Challenge,Incorporate resistance bands into your workouts to add variety and challenge to your strength training routine.
Miscellaneous,Natural Cleaning Solutions,DIY Cleaning Products Challenge,Make your cleaning products using natural ingredients to avoid harmful chemicals and minimize environmental impact.
Miscellaneous,Meditation App,Mindfulness Practice Challenge,"Use a meditation app to practice mindfulness regularly, promoting mental clarity and emotional well-being."
Miscellaneous,Sunscreen,Reef-Safe Sunscreen Challenge,Switch to reef-safe sunscreen products to protect marine life and coral reefs from harmful chemicals.
Miscellaneous,Energy-Efficient Bulbs,Energy-Efficient Lighting Challenge,Replace traditional bulbs with energy-efficient ones to reduce energy consumption and lower your electricity bills.
Miscellaneous,Plant-Based Diet,Plant-Based Week Challenge,"Follow a plant-based diet for a week, exploring a variety of nutritious plant-based meals and reducing your environmental footprint."
Miscellaneous,Daily Stretching Routine,Flexibility Challenge,Develop a daily stretching routine to improve flexibility and reduce the risk of injuries during physical activities.
Miscellaneous,Eco-Friendly Office Supplies,Green Workspace Challenge,"Use eco-friendly office supplies, such as recycled paper and pens made from sustainable materials, in your workspace."
Miscellaneous,Mindfulness Bell,Mindful Eating Challenge,"Incorporate a mindfulness bell or chime before meals, allowing you to eat more consciously and savor each bite."
Miscellaneous,Sunhat,Sun Protection Challenge,"Wear a sunhat regularly to protect your face and neck from harmful UV rays, reducing the risk of sunburn and skin damage."
Miscellaneous,Digital Detox,Weekend Screen-Free Challenge,Have a weekend digital detox by unplugging from all electronic devices and spending quality time away from screens.
Miscellaneous,Self-Care Journal,Self-Care Daily Challenge,Use a self-care journal to write down positive affirmations and self-care activities you engage in daily.
Miscellaneous,Food Containers,Bulk Shopping Challenge,Shop in bulk using reusable food containers and cloth bags to reduce packaging waste and single-use plastics.
Miscellaneous,Solar Water Heater,Solar Energy Adoption Challenge,Install a solar water heater to reduce your dependence on non-renewable energy sources for heating water.
Miscellaneous,Eco-Friendly Toothbrush,Sustainable Oral Care Challenge,"Use an eco-friendly toothbrush made from bamboo or other sustainable materials, reducing plastic waste."
Miscellaneous,Carpool,Carpooling Challenge,"Carpool with friends, family, or coworkers to reduce the number of vehicles on the road and save on fuel consumption."
Miscellaneous,Energy-Saving Power Strip,Energy-Efficient Electronics Challenge,Use an energy-saving power strip for your electronic devices to prevent phantom energy use and reduce electricity consumption.
Miscellaneous,White Noise Machine,Noise-Free Sleep Challenge,"Use a white noise machine or app to create a soothing sleep environment, promoting better sleep quality."
Miscellaneous,Reusable Coffee Cup,Coffee Cup Waste Reduction Challenge,"Bring a reusable coffee cup to cafes and coffee shops, avoiding disposable cups and lids for your daily coffee."
Miscellaneous,Bicycle Helmet,Safe Cycling Challenge,Always wear a bicycle helmet when cycling to prioritize safety and protect yourself from head injuries.
Miscellaneous,Green Gift Wrapping,Eco-Friendly Gift Wrapping Challenge,Use eco-friendly gift wrapping alternatives like cloth or recycled paper to reduce the environmental impact of gift-giving.
Miscellaneous,Solar Garden Lights,Solar-Powered Outdoor Lighting Challenge,"Install solar-powered garden lights to illuminate your outdoor spaces, utilizing renewable energy and saving electricity."
Miscellaneous,Meal Planning Template,Meal Prep Challenge,Create a meal planning template and engage in meal prepping to reduce food waste and ensure healthy eating habits.
Miscellaneous,Bike Lock,Bike-to-Work Challenge,"Bike to work or school instead of driving for a week, promoting a healthier lifestyle and reducing carbon emissions."
Miscellaneous,Plant-Based Beauty Products,Natural Skincare Challenge,Use plant-based and natural skincare products to reduce exposure to harmful chemicals and support sustainable beauty practices.
Miscellaneous,Rainwater Harvesting Kit,Rainwater Collection Challenge,Set up a rainwater harvesting kit to collect rainwater for watering plants and reduce water consumption from other sources.
Miscellaneous,Eco-Friendly Phone Case,Sustainable Tech Accessories Challenge,"Use an eco-friendly phone case made from sustainable materials, reducing the environmental impact of your tech accessories."
